{
    "vertices": [
        0, 1, 0,
        -0.5, 1, 0.86603,
        0.5, 1, 0.86603,
        1, 1, 0,
        0.5, 1, -0.86603,
        -0.5, 1, -0.86603,
        -1, 1, 0,

        -0.5, 1, 0.86603,
        0.5, 1, 0.86603,
        1, 1, 0,
        0.5, 1, -0.86603,
        -0.5, 1, -0.86603,
        -1, 1, 0,
        -0.5, 0, 0.86603,
        0.5, 0, 0.86603,
        1, 0, 0,
        0.5, 0, -0.86603,
        -0.5, 0, -0.86603,
        -1, 0, 0
    ],
    "texcoords": [
        0, 0,
        0, 1,
        1, 0,
        0, 1,
        1, 0,
        0, 1,
        1, 0,

        0, 1,
        0, 0,
        0, 1,
        0, 0,
        0, 1,
        0, 0,

        1, 1,
        1, 0,
        1, 1,
        1, 0,
        1, 1,
        1, 0
    ],
    "normals": [
        0, 0, 0,
        0, 0, 0,
        0, 0, 0,
        0, 0, 0,
        0, 0, 0,
        0, 0, 0,
        0, 0, 0,
        0, 0, 0,
        0, 0, 0,
        0, 0, 0,
        0, 0, 0,
        0, 0, 0,
        0, 0, 0,
        0, 0, 0,
        0, 0, 0,
        0, 0, 0,
        0, 0, 0,
        0, 0, 0,
        0, 0, 0
    ],
    "indices": [
        0, 1, 2,
        0, 2, 3,
        0, 3, 4,
        0, 4, 5,
        0, 5, 6,
        0, 6, 1,

        7, 13, 8,
        13, 14, 8,
        8, 14, 9,
        14, 15, 9,
        9, 15, 10,
        15, 16, 10,
        10, 16, 11,
        16, 17, 11,
        11, 17, 12,
        17, 18, 12,
        12, 18, 7,
        18, 13, 7
    ]
}