{
    "vertices": [
        0, 0, 0,
        -0.5, 0, 0.86603,
        0.5, 0, 0.86603,
        1, 0, 0,
        0.5, 0, -0.86603,
        -0.5, 0, -0.86603,
        -1, 0, 0
    ],
    "texcoords": [
        0,  0,
        0,  1,
        1,  0,
        0,  1,
        1,  0,
        0,  1,
        1,  0
    ],
    "normals": [
        0, 0, 0,
        0, 0, 0,
        0, 0, 0,
        0, 0, 0,
        0, 0, 0,
        0, 0, 0,
        0, 0, 0
    ],
    "indices": [
        0, 1, 2,
        0, 2, 3,
        0, 3, 4,
        0, 4, 5,
        0, 5, 6,
        0, 6, 1
    ]
}